DELETE FROM SITE_USER;
DELETE FROM USER;

DELETE FROM SITE_SCENARIO;

DELETE FROM VALUE;
DELETE FROM SCENARIO;

DELETE FROM SITE_ACTIVITY;
DELETE FROM ACTIVITY;

DELETE FROM SITE;

INSERT INTO SITE(SITE_ID, SITE_NAME) VALUES (1, "CENTRAL SITE");
INSERT INTO SITE(SITE_ID, SITE_NAME) VALUES (2, "BACKUP SITE");

INSERT INTO USER(USER_ID, USER_LOGIN, USER_PWD) VALUES (1, "admin", "admin");
INSERT INTO USER(USER_ID, USER_LOGIN, USER_PWD) VALUES (2, "backup-user", "bkp");

INSERT INTO SITE_USER(SITE_ID, USER_ID) VALUES (1, 1); -- admin is allowed in both
INSERT INTO SITE_USER(SITE_ID, USER_ID) VALUES (2, 1);
INSERT INTO SITE_USER(SITE_ID, USER_ID) VALUES (2, 2); -- backup-user is only allowed in backup site

INSERT INTO SCENARIO(SCENARIO_ID, SCENARIO_NAME) VALUES (1, "WEATHER");
INSERT INTO SCENARIO(SCENARIO_ID, SCENARIO_NAME) VALUES (2, "BASE DISTANCE");

INSERT INTO VALUE(VALUE_ID, VALUE_VALUE, scenario_SCENARIO_ID) VALUES (1, "WARM", 1);
INSERT INTO VALUE(VALUE_ID, VALUE_VALUE, scenario_SCENARIO_ID) VALUES (2, "COLD", 1);
INSERT INTO VALUE(VALUE_ID, VALUE_VALUE, scenario_SCENARIO_ID) VALUES (3, "0-100", 2);
INSERT INTO VALUE(VALUE_ID, VALUE_VALUE, scenario_SCENARIO_ID) VALUES (4, "100-500", 2);
INSERT INTO VALUE(VALUE_ID, VALUE_VALUE, scenario_SCENARIO_ID) VALUES (5, "+500", 2);

INSERT INTO SITE_SCENARIO(SITE_ID, SCENARIO_ID) VALUES (1, 1);
INSERT INTO SITE_SCENARIO(SITE_ID, SCENARIO_ID) VALUES (1, 2);
INSERT INTO SITE_SCENARIO(SITE_ID, SCENARIO_ID) VALUES (2, 1);
INSERT INTO SITE_SCENARIO(SITE_ID, SCENARIO_ID) VALUES (2, 2);

INSERT INTO ACTIVITY(ACTIVITY_ID, ACTIVITY_NAME) VALUES (1, "PAINT");
INSERT INTO ACTIVITY(ACTIVITY_ID, ACTIVITY_NAME) VALUES (2, "CLEAN");
INSERT INTO ACTIVITY(ACTIVITY_ID, ACTIVITY_NAME) VALUES (3, "WELD");
INSERT INTO ACTIVITY(ACTIVITY_ID, ACTIVITY_NAME) VALUES (4, "NAIL");

INSERT INTO SITE_ACTIVITY(SITE_ID, ACTIVITY_ID) VALUES (1, 1);
INSERT INTO SITE_ACTIVITY(SITE_ID, ACTIVITY_ID) VALUES (1, 2);
INSERT INTO SITE_ACTIVITY(SITE_ID, ACTIVITY_ID) VALUES (1, 3);
INSERT INTO SITE_ACTIVITY(SITE_ID, ACTIVITY_ID) VALUES (1, 4);
INSERT INTO SITE_ACTIVITY(SITE_ID, ACTIVITY_ID) VALUES (2, 2);
INSERT INTO SITE_ACTIVITY(SITE_ID, ACTIVITY_ID) VALUES (2, 4);